City_ID,City,Lat,Lng,Max Temp,Humidity,Cloudiness,Wind Speed,Country,Date,Current Description
0,Bambous Virieux,-20.3428,57.7575,79.21,83,75,9.22,MU,2021-12-02 18:25:44,light rain
1,Rikitea,-23.1203,-134.9692,76.23,75,8,18.16,PF,2021-12-02 18:25:45,clear sky
2,Yulara,-25.2406,130.9889,73.24,28,2,5.75,AU,2021-12-02 18:25:46,clear sky
3,Abu Dhabi,24.4667,54.3667,75.96,69,0,3.44,AE,2021-12-02 18:25:47,clear sky
4,Atuona,-9.8,-139.0333,78.44,78,92,21.43,PF,2021-12-02 18:25:47,light rain
5,Filingue,14.3521,3.3168,85.35,13,17,7.4,NE,2021-12-02 18:25:48,few clouds
6,Ushuaia,-54.8,-68.3,49.66,62,0,17.27,AR,2021-12-02 18:21:36,clear sky
7,Cabedelo,-6.9811,-34.8339,88.47,65,100,12.06,BR,2021-12-02 18:25:49,overcast clouds
8,Bluff,-46.6,168.3333,56.8,95,100,2.75,NZ,2021-12-02 18:25:50,light rain
9,Jamestown,42.097,-79.2353,52.02,74,90,13.0,US,2021-12-02 18:22:12,overcast clouds
10,Sovetskiy,61.3614,63.5842,9.01,96,99,4.16,RU,2021-12-02 18:25:51,overcast clouds
11,Lagoa,39.05,-27.9833,64.11,81,12,6.26,PT,2021-12-02 18:22:50,few clouds
12,Alyangula,-13.8483,136.4192,76.87,100,99,1.14,AU,2021-12-02 18:25:52,overcast clouds
13,Sulangan,11.1373,123.7228,81.25,78,97,23.87,PH,2021-12-02 18:25:53,overcast clouds
14,East London,-33.0153,27.9116,61.74,88,20,10.36,ZA,2021-12-02 18:20:56,few clouds
15,Zyryanka,65.75,150.85,-19.55,97,100,27.38,RU,2021-12-02 18:25:55,light snow
16,Saskylakh,71.9167,114.0833,-43.35,100,83,3.02,RU,2021-12-02 18:25:55,broken clouds
17,Henties Bay,-22.116,14.2845,60.85,81,2,8.59,NA,2021-12-02 18:25:56,clear sky
18,Cadiz,36.5,-5.75,54.75,67,24,3.15,ES,2021-12-02 18:24:53,few clouds
19,Puerto Ayora,-0.7393,-90.3518,76.96,79,52,10.56,EC,2021-12-02 18:25:58,broken clouds
20,Buala,-8.145,159.5921,79.29,80,80,2.08,SB,2021-12-02 18:25:58,light rain
21,Kapaa,22.0752,-159.319,76.19,86,40,1.99,US,2021-12-02 18:26:00,scattered clouds
22,Hilo,19.7297,-155.09,81.28,81,20,0.0,US,2021-12-02 18:26:00,few clouds
23,Aklavik,68.2191,-135.0107,-18.4,69,40,12.66,CA,2021-12-02 18:26:02,scattered clouds
24,Barcelos,41.5388,-8.6151,50.85,74,13,7.7,PT,2021-12-02 18:26:03,few clouds
25,Serafimovich,49.5786,42.736,26.62,88,57,11.23,RU,2021-12-02 18:26:04,broken clouds
26,Vaini,-21.2,-175.2,77.16,83,40,9.22,TO,2021-12-02 18:26:05,scattered clouds
27,Tuktoyaktuk,69.4541,-133.0374,-16.6,69,75,14.97,CA,2021-12-02 18:26:05,broken clouds
28,Christchurch,-43.5333,172.6333,60.91,92,90,4.0,NZ,2021-12-02 18:26:07,overcast clouds
29,Jambi,-1.6,103.6167,74.86,97,98,2.44,ID,2021-12-02 18:26:07,overcast clouds
30,Meulaboh,4.1363,96.1285,77.22,89,99,5.3,ID,2021-12-02 18:26:08,overcast clouds
31,Bonfim,3.0833,-59.95,82.35,74,100,7.27,BR,2021-12-02 18:26:09,overcast clouds
32,Lazaro Cardenas,17.9583,-102.2,83.97,68,0,5.17,MX,2021-12-02 18:26:10,clear sky
33,Kamakwie,9.5,-12.2333,85.03,61,89,2.98,SL,2021-12-02 18:26:10,overcast clouds
34,Albany,42.6001,-73.9662,51.28,90,100,1.01,US,2021-12-02 18:26:12,overcast clouds
35,Avarua,-21.2078,-159.775,78.85,78,75,18.41,CK,2021-12-02 18:26:13,moderate rain
36,Thompson,55.7435,-97.8558,-11.04,70,75,2.3,CA,2021-12-02 18:26:13,broken clouds
37,Talnakh,69.4865,88.3972,-4.13,88,100,3.87,RU,2021-12-02 18:26:14,overcast clouds
38,Carnarvon,-24.8667,113.6333,69.87,78,40,19.57,AU,2021-12-02 18:26:15,scattered clouds
39,Busselton,-33.65,115.3333,54.05,78,0,14.54,AU,2021-12-02 18:26:16,clear sky
40,Totness,5.8833,-56.3167,80.87,80,83,9.69,SR,2021-12-02 18:26:17,broken clouds
41,Punta Arenas,-53.15,-70.9167,51.91,62,75,18.41,CL,2021-12-02 18:26:18,broken clouds
42,Hofn,64.2539,-15.2082,39.79,71,100,10.94,IS,2021-12-02 18:26:18,overcast clouds
43,Orangeburg,33.4918,-80.8557,74.48,47,1,10.36,US,2021-12-02 18:26:19,clear sky
44,Port Macquarie,-31.4333,152.9167,63.9,92,52,4.43,AU,2021-12-02 18:26:20,broken clouds
45,Chuy,-33.6971,-53.4616,68.67,59,76,11.68,UY,2021-12-02 18:26:21,broken clouds
46,Yellowknife,62.456,-114.3525,0.41,91,75,9.22,CA,2021-12-02 18:26:22,broken clouds
47,Nikolskoye,59.7035,30.7861,17.49,97,100,3.96,RU,2021-12-02 18:26:23,overcast clouds
48,Port Alfred,-33.5906,26.891,64.67,76,85,17.67,ZA,2021-12-02 18:27:23,overcast clouds
49,Isangel,-19.55,169.2667,78.91,83,75,11.5,VU,2021-12-02 18:27:24,broken clouds
50,Half Moon Bay,37.4636,-122.4286,66.97,76,1,9.22,US,2021-12-02 18:27:24,haze
51,Aripuana,-9.1667,-60.6333,78.51,93,99,2.19,BR,2021-12-02 18:27:25,overcast clouds
52,Hamilton,39.1834,-84.5333,65.88,59,75,4.0,US,2021-12-02 18:25:32,broken clouds
53,Bredasdorp,-34.5322,20.0403,57.27,74,38,7.43,ZA,2021-12-02 18:27:25,scattered clouds
54,Dikson,73.5069,80.5464,-7.02,96,100,1.74,RU,2021-12-02 18:27:26,overcast clouds
55,Kenai,60.5544,-151.2583,15.15,84,20,0.0,US,2021-12-02 18:24:04,light snow
56,Saint-Philippe,-21.3585,55.7679,78.35,84,44,13.62,RE,2021-12-02 18:23:10,light rain
57,Barrow,71.2906,-156.7887,-9.38,77,90,3.44,US,2021-12-02 18:27:27,haze
58,Mataura,-46.1927,168.8643,56.48,92,99,0.69,NZ,2021-12-02 18:27:27,overcast clouds
59,Male,4.1748,73.5089,82.35,83,40,3.44,MV,2021-12-02 18:27:28,scattered clouds
60,Nome,64.5011,-165.4064,-14.73,76,1,0.0,US,2021-12-02 18:25:35,clear sky
61,Constitucion,-35.3333,-72.4167,63.81,64,100,15.23,CL,2021-12-02 18:27:28,overcast clouds
62,Tuy Hoa,13.0833,109.3,70.39,81,98,11.1,VN,2021-12-02 18:27:29,overcast clouds
63,Bengkulu,-3.8004,102.2655,76.46,86,87,4.41,ID,2021-12-02 18:27:29,overcast clouds
64,Smithers,54.7804,-127.1743,25.12,74,40,6.91,CA,2021-12-02 18:27:29,scattered clouds
65,Tiksi,71.6872,128.8694,-29.65,100,82,2.06,RU,2021-12-02 18:24:13,broken clouds
66,Hermanus,-34.4187,19.2345,62.91,72,12,13.82,ZA,2021-12-02 18:27:30,few clouds
67,Kahului,20.8947,-156.47,76.26,78,1,0.0,US,2021-12-02 18:22:32,clear sky
68,Coahuayana,18.7333,-103.6833,87.28,52,1,5.19,MX,2021-12-02 18:27:31,clear sky
69,Esperance,-33.8667,121.9,60.64,72,98,13.04,AU,2021-12-02 18:27:31,overcast clouds
70,Pangnirtung,66.1451,-65.7125,15.8,73,90,2.3,CA,2021-12-02 18:27:32,light snow
71,Tasiilaq,65.6145,-37.6368,8.44,89,60,9.91,GL,2021-12-02 18:27:32,broken clouds
72,Talcahuano,-36.7167,-73.1167,62.28,67,0,3.44,CL,2021-12-02 18:23:38,clear sky
73,Codrington,-38.2667,141.9667,53.51,85,53,3.78,AU,2021-12-02 18:27:33,broken clouds
74,Aykhal,66.0,111.5,-29.87,100,18,3.91,RU,2021-12-02 18:27:33,few clouds
75,Evensk,61.95,159.2333,16.05,87,100,7.87,RU,2021-12-02 18:27:34,light snow
76,Severo-Kurilsk,50.6789,156.125,33.04,72,88,38.07,RU,2021-12-02 18:27:34,overcast clouds
77,Marawi,7.9986,124.2928,66.65,97,95,1.05,PH,2021-12-02 18:25:16,overcast clouds
78,Ust-Nera,64.5667,143.2,-19.77,99,100,6.67,RU,2021-12-02 18:27:35,light snow
79,Mabaruma,8.2,-59.7833,87.8,62,40,18.41,GY,2021-12-02 18:27:36,scattered clouds
80,New Norfolk,-42.7826,147.0587,53.1,73,31,3.0,AU,2021-12-02 18:27:37,scattered clouds
81,Santa Maria,-29.6842,-53.8069,81.7,42,40,11.5,BR,2021-12-02 18:27:37,scattered clouds
82,Kenora,49.8167,-94.4337,24.78,86,90,2.3,CA,2021-12-02 18:27:37,overcast clouds
83,Cuiluan,47.72,128.648,-3.96,98,63,3.91,CN,2021-12-02 18:27:38,broken clouds
84,Shimoda,34.6667,138.95,45.1,69,1,7.25,JP,2021-12-02 18:27:38,clear sky
85,Zhigansk,66.7697,123.3711,-40.67,97,57,10.16,RU,2021-12-02 18:27:39,broken clouds
86,Portland,45.5234,-122.6762,54.81,84,75,1.99,US,2021-12-02 18:24:54,broken clouds
87,Hambantota,6.1241,81.1185,78.17,83,5,1.41,LK,2021-12-02 18:27:40,clear sky
88,Santa Cruz,-17.8,-63.1667,78.26,83,75,18.41,BO,2021-12-02 18:25:28,broken clouds
89,Hobart,-42.8794,147.3294,53.46,81,45,9.22,AU,2021-12-02 18:27:40,scattered clouds
90,Pizarro,4.9533,-77.366,79.92,83,91,8.41,CO,2021-12-02 18:27:41,light rain
91,Marystown,47.1666,-55.1483,45.86,100,49,3.0,CA,2021-12-02 18:27:41,scattered clouds
92,Nikki,9.9401,3.2108,82.85,20,78,4.47,BJ,2021-12-02 18:28:41,broken clouds
93,Kant,27.8,79.8,66.54,35,100,9.89,IN,2021-12-02 18:28:42,overcast clouds
94,Baykit,61.67,96.37,17.53,96,100,3.8,RU,2021-12-02 18:28:43,snow
95,Valparaiso,-33.0393,-71.6273,66.43,66,0,8.05,CL,2021-12-02 18:28:30,clear sky
96,Luganville,-15.5333,167.1667,78.98,85,47,7.45,VU,2021-12-02 18:28:45,scattered clouds
97,Eloy,32.7559,-111.5548,82.09,25,12,3.56,US,2021-12-02 18:28:46,few clouds
98,Praxedis Guerrero,31.3667,-106.0167,66.42,33,77,1.63,MX,2021-12-02 18:28:47,broken clouds
99,Ambilobe,-13.2,49.05,78.48,67,10,6.33,MG,2021-12-02 18:28:48,clear sky
100,Okhotsk,59.3833,143.3,2.14,79,100,22.75,RU,2021-12-02 18:28:48,overcast clouds
101,Nanortalik,60.1432,-45.2371,28.67,79,99,13.31,GL,2021-12-02 18:28:49,overcast clouds
102,Mama,58.3106,112.8986,-8.01,100,100,1.32,RU,2021-12-02 18:28:49,overcast clouds
103,Pacific Grove,36.6177,-121.9166,72.63,87,90,3.44,US,2021-12-02 18:28:50,fog
104,Caravelas,-17.7125,-39.2481,81.1,75,71,9.66,BR,2021-12-02 18:28:50,broken clouds
105,Port Elizabeth,-33.918,25.5701,64.09,67,0,21.85,ZA,2021-12-02 18:24:51,clear sky
106,Ostrovnoy,68.0531,39.5131,27.27,70,100,22.59,RU,2021-12-02 18:26:38,overcast clouds
107,San Patricio,28.017,-97.5169,82.02,66,66,6.98,US,2021-12-02 18:28:51,broken clouds
108,Bamnet Narong,15.4992,101.6897,64.42,66,29,11.63,TH,2021-12-02 18:28:52,scattered clouds
109,Norman Wells,65.282,-126.8329,-14.76,70,90,20.71,CA,2021-12-02 18:28:52,light snow
110,Warwick,41.7001,-71.4162,61.43,68,40,1.99,US,2021-12-02 18:26:51,scattered clouds
111,Provideniya,64.3833,-173.3,5.0,92,100,7.65,RU,2021-12-02 18:28:53,overcast clouds
112,Dalby,-27.1833,151.2667,67.98,94,57,7.0,AU,2021-12-02 18:28:53,broken clouds
113,Katsuura,35.1333,140.3,44.71,69,97,17.11,JP,2021-12-02 18:28:53,overcast clouds
114,Reconquista,-29.15,-59.65,90.36,28,0,8.79,AR,2021-12-02 18:28:54,clear sky
115,Dukat,62.55,155.55,-24.41,98,100,7.87,RU,2021-12-02 18:28:54,light snow
116,Butaritari,3.0707,172.7902,81.39,75,86,12.08,KI,2021-12-02 18:28:55,overcast clouds
117,Sur,22.5667,59.5289,73.27,62,0,3.27,OM,2021-12-02 18:28:55,clear sky
118,Sunyani,7.3399,-2.3268,82.9,44,24,2.84,GH,2021-12-02 18:28:56,few clouds
119,Cabo San Lucas,22.8909,-109.9124,85.51,59,1,1.99,MX,2021-12-02 18:28:56,clear sky
120,Mittagong,-34.45,150.45,57.99,93,58,3.38,AU,2021-12-02 18:28:57,broken clouds
121,Qaanaaq,77.484,-69.3632,6.3,66,100,7.65,GL,2021-12-02 18:28:57,overcast clouds
122,Namibe,-15.1961,12.1522,71.26,79,59,6.71,AO,2021-12-02 18:28:58,broken clouds
123,Rosetta,31.4044,30.4164,64.94,50,68,4.25,EG,2021-12-02 18:28:58,broken clouds
124,Yelanskiy,56.8419,62.5014,26.53,74,28,12.48,RU,2021-12-02 18:28:58,scattered clouds
125,Koforidua,6.0941,-0.2591,81.09,62,47,4.25,GH,2021-12-02 18:28:59,scattered clouds
126,Lebu,-37.6167,-73.65,56.53,65,100,18.45,CL,2021-12-02 18:28:59,overcast clouds
127,Glendive,47.1053,-104.7125,41.63,87,90,14.97,US,2021-12-02 18:29:00,overcast clouds
128,Souillac,-20.5167,57.5167,79.36,83,75,9.22,MU,2021-12-02 18:29:00,light rain
129,Pasni,25.2631,63.471,75.56,61,0,5.26,PK,2021-12-02 18:29:01,clear sky
130,Nuevo Progreso,23.1667,-97.95,82.89,49,0,1.99,MX,2021-12-02 18:29:01,clear sky
131,Victoria,22.2855,114.1577,65.25,34,5,5.99,HK,2021-12-02 18:25:24,clear sky
132,Linfen,36.0889,111.5189,37.8,34,0,1.81,CN,2021-12-02 18:29:02,clear sky
133,Clarksville,36.5298,-87.3595,70.54,39,1,8.05,US,2021-12-02 18:28:30,clear sky
134,Berdigestyakh,62.0989,126.6992,-21.41,93,92,9.82,RU,2021-12-02 18:29:02,overcast clouds
135,Camopi,3.1655,-52.3158,73.85,98,100,1.14,GF,2021-12-02 18:30:03,light rain
136,Saldanha,-33.0117,17.9442,62.65,74,0,24.72,ZA,2021-12-02 18:30:04,clear sky
137,Villa Carlos Paz,-31.4241,-64.4978,83.48,27,32,15.01,AR,2021-12-02 18:28:43,scattered clouds
138,Ust-Tsilma,65.441,52.1498,13.44,95,100,6.82,RU,2021-12-02 18:30:05,overcast clouds
139,Bata,1.8639,9.7658,79.7,82,90,5.77,GQ,2021-12-02 18:30:06,moderate rain
140,Nioro,13.35,-15.75,87.1,15,7,6.02,GM,2021-12-02 18:30:06,clear sky
141,Grindavik,63.8424,-22.4338,39.67,75,75,24.16,IS,2021-12-02 18:30:07,broken clouds
142,Yaan,7.3833,8.5667,84.04,22,25,2.37,NG,2021-12-02 18:30:07,scattered clouds
143,Saint George,37.1041,-113.5841,68.47,39,1,0.0,US,2021-12-02 18:28:38,clear sky
144,Klaksvik,62.2266,-6.589,36.52,98,100,24.4,FO,2021-12-02 18:30:08,overcast clouds
145,Husavik,66.0449,-17.3389,35.51,84,84,14.83,IS,2021-12-02 18:27:55,broken clouds
146,Cherskiy,68.75,161.3,-9.04,85,100,7.94,RU,2021-12-02 18:30:09,overcast clouds
147,Lavrentiya,65.5833,-171.0,-7.73,91,100,1.81,RU,2021-12-02 18:30:09,overcast clouds
148,Scarborough,54.2797,-0.4044,35.53,82,100,1.01,GB,2021-12-02 18:30:10,overcast clouds
149,Kudahuvadhoo,2.6708,72.8944,81.48,79,99,7.27,MV,2021-12-02 18:30:10,overcast clouds
150,Sept-Iles,50.2001,-66.3821,27.03,87,40,5.01,CA,2021-12-02 18:30:02,scattered clouds
151,Kavieng,-2.5744,150.7967,81.77,75,100,4.99,PG,2021-12-02 18:30:11,overcast clouds
152,Mahebourg,-20.4081,57.7,79.09,83,75,9.22,MU,2021-12-02 18:30:11,light rain
153,Gat,31.61,34.7642,63.39,100,7,4.12,IL,2021-12-02 18:30:11,clear sky
154,Hithadhoo,-0.6,73.0833,81.82,78,100,6.08,MV,2021-12-02 18:30:12,overcast clouds
155,Aranjuez,40.0311,-3.6025,49.08,54,0,11.54,ES,2021-12-02 18:30:12,clear sky
156,Atar,20.5169,-13.0499,73.06,16,100,11.68,MR,2021-12-02 18:30:13,overcast clouds
157,Eenhana,-17.4667,16.3333,77.02,50,100,8.12,NA,2021-12-02 18:30:13,overcast clouds
158,Batemans Bay,-35.7167,150.1833,67.1,94,3,3.76,AU,2021-12-02 18:30:14,clear sky
159,Longyearbyen,78.2186,15.6401,22.84,68,40,19.57,SJ,2021-12-02 18:30:14,scattered clouds
160,Khatanga,71.9667,102.5,-41.15,100,69,5.93,RU,2021-12-02 18:30:14,broken clouds
161,Upernavik,72.7868,-56.1549,27.73,81,100,29.51,GL,2021-12-02 18:30:15,overcast clouds
162,Mar Del Plata,-38.0023,-57.5575,68.02,85,0,21.99,AR,2021-12-02 18:25:44,clear sky
163,Tigre,-34.426,-58.5796,83.19,54,0,11.5,AR,2021-12-02 18:30:15,clear sky
164,Den Chai,17.9837,100.0522,67.6,86,92,1.23,TH,2021-12-02 18:30:16,overcast clouds
165,Sao Filipe,14.8961,-24.4956,75.43,67,100,10.33,CV,2021-12-02 18:27:42,overcast clouds
166,Berlin,52.5244,13.4105,35.04,76,20,11.01,DE,2021-12-02 18:28:33,few clouds
167,Holme,56.1138,10.1725,31.86,84,15,9.93,DK,2021-12-02 18:30:17,few clouds
168,Ancud,-41.8697,-73.8203,58.53,59,63,7.92,CL,2021-12-02 18:30:17,broken clouds
169,Hualmay,-11.0964,-77.6139,70.97,73,99,10.2,PE,2021-12-02 18:30:18,overcast clouds
170,Olafsvik,64.8945,-23.7142,39.96,69,100,33.55,IS,2021-12-02 18:30:18,light rain
171,Road Town,18.4167,-64.6167,86.04,70,40,11.5,VG,2021-12-02 18:30:19,scattered clouds
172,Hirara,24.8,125.2833,66.74,57,84,21.07,JP,2021-12-02 18:30:19,broken clouds
173,Mantua,45.1667,10.7833,46.71,87,100,1.72,IT,2021-12-02 18:30:20,overcast clouds
174,Liwale,-9.7667,37.9333,70.75,74,10,4.65,TZ,2021-12-02 18:30:20,clear sky
175,Nosy Varika,-20.5833,48.5333,76.19,71,62,4.52,MG,2021-12-02 18:30:20,broken clouds
176,Linxia,35.6003,103.2064,27.16,68,100,2.57,CN,2021-12-02 18:30:21,overcast clouds
177,Byron Bay,-28.65,153.6167,74.05,93,90,10.85,AU,2021-12-02 18:30:21,overcast clouds
178,Sola,-13.8833,167.55,78.67,84,79,14.79,VU,2021-12-02 18:25:33,heavy intensity rain
179,Kangaatsiaq,68.3065,-53.4641,26.87,83,100,22.75,GL,2021-12-02 18:30:22,light snow
180,Buenavista,8.9769,125.4089,76.62,92,100,4.5,PH,2021-12-02 18:30:22,light rain
181,Paoua,7.2427,16.4406,79.56,28,75,3.27,CF,2021-12-02 18:30:23,broken clouds
182,Iqaluit,63.7506,-68.5145,17.33,67,40,0.0,CA,2021-12-02 18:29:48,scattered clouds
183,Vardo,70.3705,31.1107,30.18,59,75,18.41,NO,2021-12-02 18:30:23,broken clouds
184,Ilam,26.9167,87.9167,55.85,79,10,5.1,NP,2021-12-02 18:31:24,clear sky
185,Pevek,69.7008,170.3133,-4.2,84,100,2.17,RU,2021-12-02 18:31:24,overcast clouds
186,Sao Gabriel Da Cachoeira,-0.1303,-67.0892,84.0,74,40,2.3,BR,2021-12-02 18:31:25,moderate rain
187,Lugovoy,42.9472,72.7644,44.37,46,98,10.54,KZ,2021-12-02 18:31:25,overcast clouds
188,Salalah,17.0151,54.0924,77.09,61,0,3.44,OM,2021-12-02 18:31:26,clear sky
189,Gaya,24.7833,85.0,57.11,94,40,0.0,IN,2021-12-02 18:31:26,mist
190,Vilhena,-12.7406,-60.1458,86.22,62,40,12.66,BR,2021-12-02 18:31:27,scattered clouds
191,Sakakah,29.9697,40.2064,56.77,46,0,3.98,SA,2021-12-02 18:31:27,clear sky
192,Porbandar,21.6422,69.6093,70.75,60,0,13.09,IN,2021-12-02 18:31:28,clear sky
193,Benito Juarez,19.385,-99.165,70.14,25,1,1.01,MX,2021-12-02 18:31:28,clear sky
194,Barkhan,29.8977,69.5256,51.21,38,0,2.13,PK,2021-12-02 18:31:29,clear sky
195,Mingaora,34.7758,72.3625,53.19,21,0,7.63,PK,2021-12-02 18:31:29,clear sky
196,Khani,41.9563,42.9566,29.77,82,18,5.1,GE,2021-12-02 18:31:30,few clouds
197,Lorengau,-2.0226,147.2712,80.6,79,100,6.02,PG,2021-12-02 18:31:31,overcast clouds
198,Bogotol,56.2078,89.5342,18.25,77,100,7.96,RU,2021-12-02 18:31:31,overcast clouds
199,Vao,-22.6667,167.4833,75.9,80,99,18.41,NC,2021-12-02 18:31:32,overcast clouds
200,Umea,63.8284,20.2597,3.13,92,40,8.05,SE,2021-12-02 18:31:32,scattered clouds
201,Shuiji,27.4214,118.345,39.45,71,0,1.92,CN,2021-12-02 18:31:33,clear sky
202,Igarka,67.4667,86.5833,6.04,96,100,11.95,RU,2021-12-02 18:31:33,snow
203,Laguna,38.421,-121.4238,77.65,85,90,1.01,US,2021-12-02 18:31:33,mist
204,Babai,22.7,77.9333,65.35,37,98,6.67,IN,2021-12-02 18:31:34,overcast clouds
205,Yacuiba,-22.038,-63.6797,92.17,49,75,0.0,BO,2021-12-02 18:31:34,broken clouds
206,Puerto Escondido,15.85,-97.0667,86.83,70,40,6.91,MX,2021-12-02 18:27:25,scattered clouds
207,Nabire,-3.3667,135.4833,75.67,92,100,4.03,ID,2021-12-02 18:31:35,overcast clouds
208,Cockburn Town,21.4612,-71.1419,80.96,72,7,8.12,TC,2021-12-02 18:31:36,clear sky
209,Ribeira Grande,38.5167,-28.7,64.8,82,40,5.75,PT,2021-12-02 18:31:36,scattered clouds
210,San Lawrenz,36.0553,14.204,62.01,69,0,5.01,MT,2021-12-02 18:31:37,clear sky
211,Wahiawa,21.5028,-158.0236,75.79,86,40,0.0,US,2021-12-02 18:31:37,scattered clouds
212,Torbay,47.6666,-52.7314,45.57,74,40,16.11,CA,2021-12-02 18:30:30,scattered clouds
213,Joshimath,30.5667,79.5667,52.14,95,100,0.25,IN,2021-12-02 18:31:38,light rain
214,Severo-Yeniseyskiy,60.3725,93.0408,23.67,83,100,13.98,RU,2021-12-02 18:31:39,overcast clouds
215,Sao Joao Da Barra,-21.6403,-41.0511,77.09,76,15,14.38,BR,2021-12-02 18:31:39,few clouds
216,Labuhan,-6.8844,112.2051,77.58,92,100,8.19,ID,2021-12-02 18:31:39,overcast clouds
217,Cayenne,4.9333,-52.3333,80.1,85,75,3.0,GF,2021-12-02 18:31:40,light rain
218,Carutapera,-1.195,-46.02,83.03,74,49,7.65,BR,2021-12-02 18:31:40,scattered clouds
219,Cape Town,-33.9258,18.4232,64.27,54,20,20.71,ZA,2021-12-02 18:27:39,few clouds
220,Marsassoum,12.8275,-15.9806,87.89,18,7,3.94,SN,2021-12-02 18:31:41,clear sky
221,Zhanakorgan,43.9098,67.2495,54.93,30,100,3.44,KZ,2021-12-02 18:31:41,light rain
222,Castro,-24.7911,-50.0119,79.92,43,21,1.7,BR,2021-12-02 18:31:35,few clouds
223,Nsanje,-16.92,35.262,79.14,76,46,2.51,MW,2021-12-02 18:31:42,scattered clouds
224,Wattegama,6.7989,81.4808,74.21,93,100,1.48,LK,2021-12-02 18:31:43,overcast clouds
225,Biak,-0.9131,122.8766,78.03,75,100,2.57,ID,2021-12-02 18:31:43,overcast clouds
226,Maceio,-9.6658,-35.7353,90.84,58,20,14.97,BR,2021-12-02 18:31:44,few clouds
227,Aquiraz,-3.9014,-38.3911,89.22,57,100,14.09,BR,2021-12-02 18:31:44,overcast clouds
228,Port Hawkesbury,45.6169,-61.3485,45.88,92,90,4.0,CA,2021-12-02 18:32:45,overcast clouds
229,Namatanai,-3.6667,152.4333,79.63,80,86,1.52,PG,2021-12-02 18:32:45,overcast clouds
230,Sarany,58.5,58.8833,20.37,94,100,10.54,RU,2021-12-02 18:32:46,light snow
231,Znamenskoye,57.1281,73.8282,32.9,90,98,9.84,RU,2021-12-02 18:32:46,overcast clouds
232,Kununurra,-15.7667,128.7333,80.58,89,100,0.0,AU,2021-12-02 18:32:46,overcast clouds
233,Touros,-5.1989,-35.4608,88.7,68,100,13.38,BR,2021-12-02 18:32:47,overcast clouds
234,Ambon,-3.6954,128.1814,75.34,94,40,5.75,ID,2021-12-02 18:32:47,heavy intensity rain
235,Halifax,44.6453,-63.5724,49.68,88,90,5.99,CA,2021-12-02 18:31:50,overcast clouds
236,Mangan,27.5167,88.5333,61.03,54,18,5.57,IN,2021-12-02 18:32:48,few clouds
237,Kamenka,51.3223,42.7678,29.75,62,100,14.7,RU,2021-12-02 18:32:48,overcast clouds
238,Vila Franca Do Campo,37.7167,-25.4333,66.2,76,75,3.76,PT,2021-12-02 18:28:49,broken clouds
239,Scottsbluff,41.8666,-103.6672,72.28,23,1,8.99,US,2021-12-02 18:32:49,clear sky
240,Vallenar,-28.5708,-70.7581,84.06,22,10,11.5,CL,2021-12-02 18:32:50,clear sky
241,Taoudenni,22.6783,-3.9836,73.22,15,100,7.25,ML,2021-12-02 18:32:50,overcast clouds
242,Rafai,4.95,23.9167,74.68,78,100,3.47,CF,2021-12-02 18:32:51,overcast clouds
243,Huarmey,-10.0681,-78.1522,71.92,74,81,11.12,PE,2021-12-02 18:32:51,broken clouds
244,Camabatela,-8.1881,15.375,63.36,96,83,1.07,AO,2021-12-02 18:32:52,broken clouds
245,Mao,39.8885,4.2658,46.96,93,20,5.75,ES,2021-12-02 18:32:52,few clouds
246,Qingyuan,23.7,113.0333,51.78,55,4,5.73,CN,2021-12-02 18:32:52,clear sky
247,Ossora,59.2353,163.0719,32.76,96,100,13.02,RU,2021-12-02 18:32:53,snow
248,Lompoc,34.6391,-120.4579,81.09,87,1,3.44,US,2021-12-02 18:32:53,mist
249,Yima,34.7381,111.8839,36.45,38,0,10.0,CN,2021-12-02 18:32:54,clear sky
250,Oranjestad,12.524,-70.027,85.95,70,75,17.27,AW,2021-12-02 18:30:12,broken clouds
251,Stepnyak,52.8339,70.7803,31.44,89,18,17.27,KZ,2021-12-02 18:32:54,few clouds
252,Menongue,-14.6585,17.691,68.49,74,81,3.27,AO,2021-12-02 18:32:55,broken clouds
253,Oktyabrskoye,43.0645,44.7417,24.94,93,2,8.95,RU,2021-12-02 18:32:55,clear sky
254,Tabat,-2.635,115.2274,73.78,98,100,1.63,ID,2021-12-02 18:32:55,overcast clouds
255,Port Hedland,-20.3167,118.5667,82.45,61,61,11.5,AU,2021-12-02 18:32:56,broken clouds
256,Sisimiut,66.9395,-53.6735,26.38,68,100,28.05,GL,2021-12-02 18:27:59,overcast clouds
257,Kieta,-6.2167,155.6333,78.15,82,64,2.68,PG,2021-12-02 18:29:09,broken clouds
258,Bloemhof,-27.6469,25.607,73.71,49,86,8.72,ZA,2021-12-02 18:32:57,overcast clouds
259,Ahipara,-35.1667,173.1667,64.9,85,100,7.45,NZ,2021-12-02 18:32:57,overcast clouds
260,Mayo,38.8876,-76.5119,65.43,56,1,5.99,US,2021-12-02 18:32:58,clear sky
261,Georgetown,5.4112,100.3354,77.95,88,40,3.44,MY,2021-12-02 18:28:17,moderate rain
262,Pueblo Bello,8.2041,-76.526,84.7,67,67,4.99,CO,2021-12-02 18:32:59,broken clouds
263,Kembe,4.6228,21.8865,73.9,80,91,4.43,CF,2021-12-02 18:32:59,light rain
264,Ponta Do Sol,32.6667,-17.1,65.71,63,2,7.11,PT,2021-12-02 18:32:59,clear sky
265,Desnogorsk,54.1508,33.2815,36.63,97,100,12.75,RU,2021-12-02 18:33:00,overcast clouds
266,Riohacha,11.5444,-72.9072,91.51,49,40,18.41,CO,2021-12-02 18:33:00,scattered clouds
267,Tarpon Springs,28.1461,-82.7568,77.18,61,1,1.99,US,2021-12-02 18:33:01,clear sky
268,Kambam,5.2505,96.8629,77.9,85,100,3.4,ID,2021-12-02 18:33:01,overcast clouds
269,Rocha,-34.4833,-54.3333,68.94,58,90,11.68,UY,2021-12-02 18:33:01,overcast clouds
270,Saint Anthony,45.0205,-93.218,46.78,55,1,5.99,US,2021-12-02 18:33:02,clear sky
271,Padang,-0.9492,100.3543,75.25,81,100,3.51,ID,2021-12-02 18:30:46,overcast clouds
272,Aswan,24.0934,32.907,67.3,39,0,11.5,EG,2021-12-02 18:33:03,clear sky
273,Kindu,-2.95,25.95,70.63,96,100,1.99,CD,2021-12-02 18:33:03,overcast clouds
274,Antofagasta,-23.65,-70.4,69.08,64,48,8.72,CL,2021-12-02 18:31:50,scattered clouds
275,San Cristobal,7.7669,-72.225,78.98,58,80,6.98,VE,2021-12-02 18:33:04,broken clouds
276,Vaitape,-16.5167,-151.75,81.25,74,97,21.7,PF,2021-12-02 18:34:04,light rain
277,Kloulklubed,7.0419,134.2556,81.1,88,100,11.39,PW,2021-12-02 18:34:05,moderate rain
278,Lata,40.1629,-8.3327,50.81,78,1,4.79,PT,2021-12-02 18:34:05,clear sky
279,Conde,-7.2597,-34.9075,87.26,62,40,11.5,BR,2021-12-02 18:34:06,scattered clouds
280,Acapulco,16.8634,-99.8901,85.82,70,1,5.75,MX,2021-12-02 18:34:06,clear sky
281,Eyl,7.9803,49.8164,77.16,66,1,16.87,SO,2021-12-02 18:34:07,clear sky
282,Hasaki,35.7333,140.8333,50.4,59,100,22.15,JP,2021-12-02 18:34:07,light rain
283,Pisco,-13.7,-76.2167,70.02,78,0,9.22,PE,2021-12-02 18:34:08,clear sky
284,Lobito,-12.3481,13.5456,77.14,81,74,8.77,AO,2021-12-02 18:34:09,light rain
285,Sandpoint,48.2766,-116.5533,51.57,77,1,4.61,US,2021-12-02 18:30:52,clear sky
286,Cuamba,-14.8031,36.5372,79.11,43,13,0.83,MZ,2021-12-02 18:34:09,few clouds
287,Bonthe,7.5264,-12.505,81.68,76,48,6.78,SL,2021-12-02 18:34:10,scattered clouds
288,Ilulissat,69.2167,-51.1,23.94,93,100,18.66,GL,2021-12-02 18:34:10,snow
289,Andros Town,24.7,-77.7667,78.76,62,36,12.15,BS,2021-12-02 18:34:11,scattered clouds
290,Karoi,-16.8099,29.6925,74.37,42,9,3.36,ZW,2021-12-02 18:34:11,clear sky
291,Takoradi,4.8845,-1.7554,80.65,81,13,9.66,GH,2021-12-02 18:34:12,few clouds
292,Beringovskiy,63.05,179.3167,33.3,96,100,22.55,RU,2021-12-02 18:34:12,light snow
293,Te Anau,-45.4167,167.7167,54.77,98,100,0.65,NZ,2021-12-02 18:34:12,overcast clouds
294,Naron,43.5167,-8.1528,54.01,78,99,10.74,ES,2021-12-02 18:34:13,overcast clouds
295,Banepa,27.6298,85.5214,53.92,76,75,2.3,NP,2021-12-02 18:34:13,broken clouds
296,Destin,30.3935,-86.4958,76.64,66,1,3.0,US,2021-12-02 18:34:14,clear sky
297,Liberal,37.0431,-100.921,73.15,20,1,0.0,US,2021-12-02 18:34:14,clear sky
298,Port Lincoln,-34.7333,135.8667,58.98,70,100,11.34,AU,2021-12-02 18:30:29,overcast clouds
299,Piacabucu,-10.4056,-36.4344,83.3,65,96,14.74,BR,2021-12-02 18:34:15,overcast clouds
300,Roanoke Rapids,36.4615,-77.6542,68.88,55,1,12.66,US,2021-12-02 18:34:15,clear sky
301,Bandarbeyla,9.4942,50.8122,77.18,72,0,14.79,SO,2021-12-02 18:34:16,clear sky
302,Verkhnyaya Inta,65.9811,60.3094,9.07,95,100,3.09,RU,2021-12-02 18:34:16,light snow
303,Arman,59.7,150.1667,-3.89,97,100,19.98,RU,2021-12-02 18:34:17,overcast clouds
304,Manaus,-3.1019,-60.025,86.5,70,40,5.75,BR,2021-12-02 18:34:17,scattered clouds
305,Aksarka,66.5606,67.7975,-0.06,95,100,15.08,RU,2021-12-02 18:34:18,overcast clouds
306,Yumen,40.2833,97.2,23.97,44,85,11.05,CN,2021-12-02 18:34:18,overcast clouds
307,Haines Junction,60.7522,-137.5108,4.95,66,100,11.5,CA,2021-12-02 18:31:34,overcast clouds
308,Daru,-9.0763,143.2092,80.11,85,100,4.16,PG,2021-12-02 18:34:19,light rain
309,Shenjiamen,29.9576,122.298,49.5,56,0,11.92,CN,2021-12-02 18:34:19,clear sky
310,Novyy Urengoy,66.0833,76.6333,11.84,96,100,7.58,RU,2021-12-02 18:34:20,light snow
311,Oyama,36.3,139.8,47.59,58,60,3.98,JP,2021-12-02 18:34:20,broken clouds
312,Moron,-34.6534,-58.6198,82.02,51,0,4.0,AR,2021-12-02 18:34:21,clear sky
313,Kaura Namoda,12.5898,6.5779,78.82,19,56,8.52,NG,2021-12-02 18:34:21,broken clouds
314,Goderich,43.7501,-81.7165,44.92,70,99,20.71,CA,2021-12-02 18:34:22,overcast clouds
315,Lewistown,40.5992,-77.5714,64.36,48,1,17.27,US,2021-12-02 18:34:22,clear sky
316,Kuching,1.55,110.3333,79.02,89,40,4.61,MY,2021-12-02 18:34:23,scattered clouds
317,Ulladulla,-35.35,150.4667,63.5,91,0,4.97,AU,2021-12-02 18:34:23,clear sky
318,Hami,42.8,93.45,26.58,57,0,2.08,CN,2021-12-02 18:34:23,clear sky
319,Opuwo,-18.0607,13.84,73.4,36,41,3.91,NA,2021-12-02 18:34:24,scattered clouds
320,Alofi,-19.0595,-169.9187,75.09,94,73,2.3,NU,2021-12-02 18:35:24,light rain
321,Fairbanks,64.8378,-147.7164,-5.69,77,75,0.0,US,2021-12-02 18:35:01,light snow
322,Kumluca,36.3703,30.2869,51.67,75,2,5.01,TR,2021-12-02 18:35:25,clear sky
323,Rizhao,35.4275,119.4553,38.89,50,0,6.04,CN,2021-12-02 18:35:26,clear sky
324,Mount Gambier,-37.8333,140.7667,48.11,93,90,5.75,AU,2021-12-02 18:35:26,overcast clouds
325,Adre,13.4667,22.2,74.23,21,0,9.44,TD,2021-12-02 18:35:26,clear sky
326,Ugoofaaru,5.6667,73.0,82.06,76,11,2.55,MV,2021-12-02 18:35:27,few clouds
327,Hovd,48.0056,91.6419,12.06,64,0,0.81,MN,2021-12-02 18:35:28,clear sky
328,Kroya,-7.6331,109.2461,78.37,87,100,3.2,ID,2021-12-02 18:35:28,moderate rain
329,Bara,10.3744,10.7288,79.9,21,36,7.38,NG,2021-12-02 18:35:28,scattered clouds
330,Ganzhou,28.8184,115.4327,46.04,50,99,2.77,CN,2021-12-02 18:35:29,overcast clouds
331,Coquimbo,-29.9533,-71.3436,64.13,67,20,13.8,CL,2021-12-02 18:31:32,few clouds
332,Baker City,44.7749,-117.8344,49.82,87,1,0.0,US,2021-12-02 18:35:30,clear sky
333,Sao Felix Do Xingu,-6.6447,-51.995,84.11,76,99,1.68,BR,2021-12-02 18:35:30,overcast clouds
334,Iberia,29.9502,-91.7507,76.05,60,75,3.44,US,2021-12-02 18:35:31,broken clouds
335,Faanui,-16.4833,-151.75,81.25,74,100,21.65,PF,2021-12-02 18:31:37,light rain
336,Ukiah,39.1502,-123.2078,74.97,45,5,0.96,US,2021-12-02 18:35:31,clear sky
337,Tuatapere,-46.1333,167.6833,56.82,95,98,1.88,NZ,2021-12-02 18:35:32,overcast clouds
338,Mandurah,-32.55,115.7,62.22,66,0,18.59,AU,2021-12-02 18:35:32,clear sky
339,Marzuq,14.4,46.4667,60.03,43,0,0.47,YE,2021-12-02 18:35:32,clear sky
340,Rudnogorsk,57.2639,103.7519,22.57,96,100,5.44,RU,2021-12-02 18:35:33,light snow
341,Tilichiki,60.4667,166.1,33.55,95,100,17.96,RU,2021-12-02 18:33:12,light rain
342,Clyde River,70.4692,-68.5914,3.43,85,100,0.0,CA,2021-12-02 18:35:34,overcast clouds
343,College,64.8569,-147.8028,-5.71,77,75,0.0,US,2021-12-02 18:35:34,light snow
344,Necochea,-38.5473,-58.7368,81.03,41,30,18.97,AR,2021-12-02 18:35:35,scattered clouds
345,Ende,-8.8432,121.6623,78.85,83,100,1.79,ID,2021-12-02 18:35:35,overcast clouds
346,Mehamn,71.0357,27.8492,32.18,86,20,3.44,NO,2021-12-02 18:35:35,light snow
347,Sapa,5.1544,120.3241,79.61,81,99,4.74,PH,2021-12-02 18:35:36,overcast clouds
348,Barra Do Garcas,-15.89,-52.2567,82.98,83,75,0.0,BR,2021-12-02 18:35:36,heavy intensity rain
349,Strelka,58.0728,93.0344,22.5,87,100,5.61,RU,2021-12-02 18:35:37,overcast clouds
350,Wencheng,33.0559,113.7978,43.23,33,0,6.67,CN,2021-12-02 18:35:37,clear sky
351,Kutum,14.2,24.6667,67.48,25,0,11.43,SD,2021-12-02 18:35:37,clear sky
352,Arraial Do Cabo,-22.9661,-42.0278,82.36,69,20,12.66,BR,2021-12-02 18:35:38,few clouds
353,Beian,63.6559,9.5683,21.0,79,20,9.22,NO,2021-12-02 18:35:38,few clouds
354,Fort Dodge,42.4975,-94.168,55.74,46,1,5.75,US,2021-12-02 18:35:39,clear sky
355,Makakilo City,21.3469,-158.0858,78.62,78,20,3.44,US,2021-12-02 18:35:39,few clouds
356,Namwala,-15.7504,26.4384,82.98,24,5,8.95,ZM,2021-12-02 18:35:40,clear sky
357,San Rafael,-34.6177,-68.3301,76.71,49,90,1.34,AR,2021-12-02 18:34:11,overcast clouds
358,Georgiyevka,43.0369,74.7114,51.84,40,0,15.66,KZ,2021-12-02 18:35:41,clear sky
359,Naze,28.3667,129.4833,55.94,72,6,10.78,JP,2021-12-02 18:35:41,clear sky
360,Paamiut,61.994,-49.6678,24.93,85,100,3.4,GL,2021-12-02 18:35:42,light snow
361,Elko,41.0002,-115.5012,35.62,35,5,4.99,US,2021-12-02 18:35:42,clear sky
362,Mackay,-21.15,149.2,78.04,94,75,5.75,AU,2021-12-02 18:35:19,broken clouds
363,Port Blair,11.6667,92.75,79.45,85,85,20.98,IN,2021-12-02 18:36:43,overcast clouds
364,Turukhansk,65.8167,87.9833,16.63,96,100,17.47,RU,2021-12-02 18:36:43,snow
365,Batagay,67.6333,134.6333,-44.81,100,100,0.69,RU,2021-12-02 18:36:44,overcast clouds
366,Resistencia,-27.4606,-58.9839,89.1,44,0,13.8,AR,2021-12-02 18:36:44,clear sky
367,Felanitx,39.4696,3.1483,48.0,81,88,2.24,ES,2021-12-02 18:36:45,overcast clouds
368,Najran,17.4924,44.1277,61.45,24,0,1.07,SA,2021-12-02 18:33:57,clear sky
369,Airai,-8.9266,125.4092,61.75,77,100,2.53,TL,2021-12-02 18:36:46,light rain
370,Tyukhtet,56.5389,89.3011,22.77,76,100,8.03,RU,2021-12-02 18:36:46,overcast clouds
371,Anloga,5.7947,0.8973,84.42,78,9,11.41,GH,2021-12-02 18:36:47,clear sky
372,Villarrobledo,39.2699,-2.6012,43.29,60,6,15.08,ES,2021-12-02 18:36:47,clear sky
373,Chapais,49.7834,-74.8492,24.58,97,100,9.42,CA,2021-12-02 18:36:47,snow
374,Xining,36.6167,101.7667,24.94,40,100,3.56,CN,2021-12-02 18:36:48,overcast clouds
375,Gao,16.6362,1.637,79.54,12,4,8.48,ML,2021-12-02 18:36:48,clear sky
376,Okha,53.5739,142.9478,11.19,83,97,21.39,RU,2021-12-02 18:36:49,overcast clouds
377,Pecos,31.4229,-103.4932,74.23,27,1,3.44,US,2021-12-02 18:36:49,clear sky
378,Mount Isa,-20.7333,139.5,83.97,24,7,3.44,AU,2021-12-02 18:36:50,light rain
379,Teguldet,57.3064,88.1667,25.93,72,100,10.4,RU,2021-12-02 18:36:50,overcast clouds
380,Faya,18.3851,42.4509,59.11,47,0,3.22,SA,2021-12-02 18:36:51,clear sky
381,Roma,43.2128,-75.4557,51.85,88,90,10.36,US,2021-12-02 18:36:51,overcast clouds
382,Nouadhibou,20.931,-17.0347,73.38,43,100,12.66,MR,2021-12-02 18:36:52,sand
383,Marienburg,54.0359,19.0266,35.96,90,100,16.51,PL,2021-12-02 18:36:52,overcast clouds
384,Flinders,-34.5833,150.8552,65.21,88,6,6.24,AU,2021-12-02 18:36:53,clear sky
385,Xinqing,48.2333,129.5,-4.86,99,84,4.03,CN,2021-12-02 18:36:53,broken clouds
386,Goundam,16.4145,-3.6708,84.11,12,39,5.01,ML,2021-12-02 18:36:54,scattered clouds
387,La Primavera,5.4906,-70.4092,83.57,64,100,9.42,CO,2021-12-02 18:36:54,overcast clouds
388,Chokurdakh,70.6333,147.9167,-33.47,99,98,7.92,RU,2021-12-02 18:35:10,overcast clouds
389,Cervo,43.6702,-7.4101,50.97,78,97,10.0,ES,2021-12-02 18:36:55,overcast clouds
390,Grabovo,53.3875,45.064,28.53,34,100,12.5,RU,2021-12-02 18:36:55,overcast clouds
391,Zhezkazgan,47.8043,67.7144,36.34,88,100,8.86,KZ,2021-12-02 18:36:56,moderate rain
392,Ucluelet,48.9329,-125.5528,45.09,80,100,1.99,CA,2021-12-02 18:36:56,overcast clouds
393,Fort Nelson,58.8053,-122.7002,-0.81,71,75,5.75,CA,2021-12-02 18:36:57,broken clouds
394,Chibombo,-14.6569,28.0706,74.82,43,30,5.19,ZM,2021-12-02 18:36:57,scattered clouds
395,Morgan City,29.6994,-91.2068,75.99,68,1,0.0,US,2021-12-02 18:36:57,clear sky
396,Nagua,19.3832,-69.8474,85.44,83,40,17.27,DO,2021-12-02 18:36:58,scattered clouds
397,Florence,43.7667,11.25,47.37,95,75,2.3,IT,2021-12-02 18:36:58,broken clouds
398,Portoferraio,42.8115,10.3146,56.97,71,75,5.75,IT,2021-12-02 18:36:59,broken clouds
399,Pescara,42.3333,13.95,49.71,89,100,7.58,IT,2021-12-02 18:36:59,moderate rain
400,Bethel,41.3712,-73.414,56.59,70,40,1.99,US,2021-12-02 18:32:50,scattered clouds
401,Tecoanapa,16.5167,-98.75,84.36,63,8,9.31,MX,2021-12-02 18:37:00,clear sky
402,Tabou,4.423,-7.3528,79.86,83,12,6.67,CI,2021-12-02 18:37:01,few clouds
403,Puerto Quijarro,-17.7833,-57.7667,91.83,50,100,4.38,BO,2021-12-02 18:37:01,light rain
404,Rorvik,64.8621,11.2373,3.18,66,13,8.41,NO,2021-12-02 18:37:02,few clouds
405,Palana,59.1167,159.9667,25.18,92,96,6.58,RU,2021-12-02 18:33:12,overcast clouds
406,Vanavara,60.34,102.2797,7.68,96,100,3.44,RU,2021-12-02 18:37:02,light snow
407,Cidreira,-30.1811,-50.2056,68.85,67,97,11.25,BR,2021-12-02 18:36:29,overcast clouds
408,Inhapi,-9.2214,-37.7486,98.76,29,100,6.69,BR,2021-12-02 18:34:05,light rain
409,Comodoro Rivadavia,-45.8667,-67.5,64.26,25,40,14.97,AR,2021-12-02 18:35:17,scattered clouds
410,Ferkessedougou,9.6,-5.2,85.53,21,5,4.76,CI,2021-12-02 18:38:03,clear sky
411,Rio Grande,-32.035,-52.0986,77.11,63,18,12.84,BR,2021-12-02 18:38:04,few clouds
412,Ternate,0.8,127.4,81.32,82,100,7.87,ID,2021-12-02 18:38:04,moderate rain
413,Samarai,-10.6167,150.6667,81.81,81,100,5.59,PG,2021-12-02 18:38:05,overcast clouds
414,Manono,-7.3,27.4167,71.73,85,100,2.82,CD,2021-12-02 18:38:05,overcast clouds
415,Kandrian,-6.2167,149.55,78.39,88,55,6.76,PG,2021-12-02 18:38:06,broken clouds
416,Abha,18.2164,42.5053,58.82,88,0,0.0,SA,2021-12-02 18:38:06,clear sky
417,Camacha,33.0833,-16.3333,62.02,59,40,14.97,PT,2021-12-02 18:38:07,scattered clouds
418,Sibolga,1.7427,98.7792,75.85,88,100,2.57,ID,2021-12-02 18:38:07,overcast clouds
419,Korla,41.7597,86.1469,23.83,53,0,3.42,CN,2021-12-02 18:36:26,clear sky
420,Soyo,-6.1349,12.3689,80.65,89,99,7.78,AO,2021-12-02 18:38:08,overcast clouds
421,Kilimatinde,-5.85,34.95,75.54,51,47,8.81,TZ,2021-12-02 18:38:08,scattered clouds
422,Kiama,-34.6833,150.8667,65.37,91,6,6.38,AU,2021-12-02 18:38:09,clear sky
423,Zemio,5.0314,25.1361,75.96,64,79,2.8,CF,2021-12-02 18:38:09,broken clouds
424,San Andres,12.5847,-81.7006,78.82,89,75,11.5,CO,2021-12-02 18:36:26,broken clouds
425,Richards Bay,-28.783,32.0377,73.45,87,100,6.73,ZA,2021-12-02 18:38:10,overcast clouds
426,Kruisfontein,-34.0033,24.7314,61.88,78,100,19.04,ZA,2021-12-02 18:38:10,overcast clouds
427,Bibiani,6.4635,-2.3194,78.89,63,24,3.02,GH,2021-12-02 18:38:11,few clouds
428,Manhattan,40.7834,-73.9662,58.95,67,1,5.75,US,2021-12-02 18:38:11,clear sky
429,Sangar,63.9242,127.4739,-34.22,95,96,9.42,RU,2021-12-02 18:33:15,overcast clouds
430,Hobyo,5.3505,48.5268,78.8,69,63,15.46,SO,2021-12-02 18:38:12,broken clouds
431,Srednekolymsk,67.45,153.6833,-17.91,98,100,18.97,RU,2021-12-02 18:38:12,light snow
432,Turayf,31.6725,38.6637,50.25,62,0,4.61,SA,2021-12-02 18:38:13,clear sky
433,Ayagoz,47.9714,80.4392,8.17,77,16,2.84,KZ,2021-12-02 18:38:13,few clouds
434,Krosno Odrzanskie,52.0549,15.0988,35.26,80,34,10.22,PL,2021-12-02 18:38:14,scattered clouds
435,Vestmanna,62.1564,-7.1664,34.72,93,90,18.41,FO,2021-12-02 18:38:14,moderate rain
436,Yahotyn,50.2798,31.7625,35.51,89,100,7.99,UA,2021-12-02 18:38:15,overcast clouds
437,Inirida,3.8653,-67.9239,77.38,85,100,0.38,CO,2021-12-02 18:38:15,overcast clouds
438,Tenali,16.2425,80.6398,70.34,85,100,4.0,IN,2021-12-02 18:38:16,overcast clouds
439,Ziyang,29.2497,117.8547,39.18,62,96,1.57,CN,2021-12-02 18:38:16,overcast clouds
440,Kaitangata,-46.2817,169.8464,55.62,97,100,1.7,NZ,2021-12-02 18:38:17,overcast clouds
441,Key Biscayne,25.6937,-80.1628,82.02,55,40,1.01,US,2021-12-02 18:38:17,scattered clouds
442,Chum Phae,16.5443,102.0992,60.64,72,98,1.23,TH,2021-12-02 18:38:17,overcast clouds
443,Beya,53.0533,90.9139,19.09,74,17,5.79,RU,2021-12-02 18:38:18,few clouds
444,Bendigo,-36.7667,144.2833,52.86,54,0,3.0,AU,2021-12-02 18:38:18,clear sky
445,Guerrero Negro,27.9769,-114.0611,72.14,53,0,8.63,MX,2021-12-02 18:38:19,clear sky
446,Northam,51.0333,-4.2167,43.61,71,99,6.4,GB,2021-12-02 18:38:19,overcast clouds
447,Menasha,44.2022,-88.4465,48.38,56,75,17.27,US,2021-12-02 18:38:20,broken clouds
448,Kodiak,57.79,-152.4072,17.11,53,1,16.11,US,2021-12-02 18:34:02,clear sky
449,Port Hardy,50.6996,-127.4199,42.76,87,75,0.0,CA,2021-12-02 18:38:20,light rain
450,Asau,46.4333,26.4,41.92,73,100,5.59,RO,2021-12-02 18:38:21,overcast clouds
451,Komsomolskiy,40.4272,71.7189,42.22,56,99,4.61,UZ,2021-12-02 18:38:21,overcast clouds
452,Urdoma,61.7533,48.5442,17.76,93,100,9.1,RU,2021-12-02 18:38:22,light snow
453,Los Llanos De Aridane,28.6585,-17.9182,63.12,77,40,1.01,ES,2021-12-02 18:38:22,scattered clouds
454,Mbala,-8.8402,31.3659,67.73,60,64,3.83,ZM,2021-12-02 18:39:23,broken clouds
455,Barsovo,61.1667,73.1667,32.13,98,100,11.56,RU,2021-12-02 18:39:23,light snow
456,Telma,52.6983,103.7097,27.61,95,88,1.92,RU,2021-12-02 18:39:23,overcast clouds
457,Kouango,4.9934,19.9619,80.04,64,100,2.59,CF,2021-12-02 18:39:24,overcast clouds
458,Kralendijk,12.15,-68.2667,85.98,70,75,17.27,BQ,2021-12-02 18:39:24,broken clouds
459,Taltal,-25.4,-70.4833,66.65,66,27,7.43,CL,2021-12-02 18:39:25,scattered clouds
460,Merauke,-8.4667,140.3333,78.22,87,98,2.68,ID,2021-12-02 18:39:25,overcast clouds
461,Ust-Barguzin,53.45,108.9833,18.34,89,87,3.49,RU,2021-12-02 18:39:26,overcast clouds
462,Ilhabela,-23.7781,-45.3581,72.32,86,95,4.88,BR,2021-12-02 18:39:26,overcast clouds
463,Altay,47.8667,88.1167,19.99,49,0,8.46,CN,2021-12-02 18:39:26,clear sky
464,Issa,53.8705,44.8578,27.68,64,100,14.2,RU,2021-12-02 18:39:27,overcast clouds
465,Maridi,4.9158,29.4742,79.63,47,100,1.25,SS,2021-12-02 18:39:27,overcast clouds
466,Manavalakurichi,8.1333,77.3,80.69,85,85,3.69,IN,2021-12-02 18:39:28,overcast clouds
467,Safaga,26.7292,33.9365,66.15,54,100,16.2,EG,2021-12-02 18:39:28,overcast clouds
468,Sioux City,42.5,-96.4003,57.99,39,1,4.0,US,2021-12-02 18:37:20,clear sky
469,Kirkwall,58.9848,-2.9587,37.45,87,40,6.91,GB,2021-12-02 18:39:29,scattered clouds
470,Santiago Del Estero,-27.7951,-64.2615,93.76,25,0,12.24,AR,2021-12-02 18:34:50,clear sky
471,Anito,12.4497,125.2886,77.86,84,99,14.03,PH,2021-12-02 18:39:29,overcast clouds
472,Zafarwal,32.3463,74.8999,60.35,34,37,2.51,PK,2021-12-02 18:39:30,scattered clouds
473,Sitka,57.0531,-135.33,31.89,86,90,10.36,US,2021-12-02 18:39:30,snow
474,Mildura,-34.2,142.15,55.36,67,12,8.05,AU,2021-12-02 18:38:22,few clouds
475,Akdagmadeni,39.6603,35.8836,32.47,53,1,3.94,TR,2021-12-02 18:39:31,clear sky
476,Sechura,-5.5569,-80.8222,79.25,57,100,13.8,PE,2021-12-02 18:39:31,overcast clouds
477,El Vigia,8.6219,-71.6506,83.55,76,89,2.66,VE,2021-12-02 18:39:32,overcast clouds
478,Iwade,34.25,135.3167,51.6,78,62,1.57,JP,2021-12-02 18:39:32,broken clouds
479,Inta,66.0317,60.1659,8.91,95,100,3.83,RU,2021-12-02 18:39:33,light snow
480,Staryy Nadym,65.6118,72.6842,6.49,96,98,8.95,RU,2021-12-02 18:39:33,overcast clouds
481,Ararangua,-28.9347,-49.4858,66.87,68,100,6.69,BR,2021-12-02 18:39:34,overcast clouds
482,Noumea,-22.2763,166.4572,81.0,99,92,9.31,NC,2021-12-02 18:39:34,light rain
483,Jalu,29.0331,21.5482,62.1,48,100,9.44,LY,2021-12-02 18:39:35,overcast clouds
484,Biltine,14.5333,20.9167,76.93,20,0,10.2,TD,2021-12-02 18:39:35,clear sky
485,Ovre Ardal,61.3167,7.8,14.88,98,73,1.95,NO,2021-12-02 18:39:35,broken clouds
486,Narsaq,60.9167,-46.05,12.79,90,42,1.79,GL,2021-12-02 18:39:36,scattered clouds
487,Sungaipenuh,-2.0833,101.3833,63.36,72,96,2.42,ID,2021-12-02 18:39:36,overcast clouds
488,Agirish,61.9247,63.0231,5.74,96,99,4.94,RU,2021-12-02 18:39:37,overcast clouds
489,Izhma,65.0083,53.9113,13.46,97,100,1.7,RU,2021-12-02 18:39:37,overcast clouds
490,Geraldton,-28.7667,114.6,66.61,82,40,20.71,AU,2021-12-02 18:39:38,scattered clouds
491,Broken Hill,-31.95,141.4333,58.71,58,9,20.71,AU,2021-12-02 18:39:38,clear sky
492,Vanimo,-2.6741,141.3028,76.75,91,52,3.74,PG,2021-12-02 18:39:38,broken clouds
493,Luderitz,-26.6481,15.1594,65.17,62,30,27.38,NA,2021-12-02 18:39:39,scattered clouds
494,Mogapi,-22.323,27.8349,83.55,28,25,9.91,BW,2021-12-02 18:39:39,scattered clouds
495,Beirut,33.8889,35.4944,61.54,55,1,5.75,LB,2021-12-02 18:37:11,clear sky
496,Belaya Gora,68.5333,146.4167,-28.14,98,100,4.79,RU,2021-12-02 18:39:40,overcast clouds
497,Olinda,-8.0089,-34.8553,83.93,65,40,9.22,BR,2021-12-02 18:39:40,scattered clouds
498,Hanyang,32.1371,105.5126,44.58,53,84,2.48,CN,2021-12-02 18:39:41,broken clouds
499,Port Keats,-14.25,129.55,83.35,82,100,5.84,AU,2021-12-02 18:39:41,overcast clouds
500,Bosansko Grahovo,44.1794,16.3639,49.86,95,100,18.77,BA,2021-12-02 18:39:42,overcast clouds
501,Chara,56.9064,118.2631,-14.87,74,4,2.91,RU,2021-12-02 18:39:42,clear sky
502,Sobolevo,54.4299,31.8996,36.91,94,100,16.06,RU,2021-12-02 18:40:43,overcast clouds
503,Ixtapa,20.7,-105.2,79.83,65,1,8.05,MX,2021-12-02 18:40:43,clear sky
504,Pimentel,-6.8367,-79.9342,77.29,53,0,19.57,PE,2021-12-02 18:40:44,clear sky
505,Riyadh,24.6877,46.7219,66.34,24,15,4.94,SA,2021-12-02 18:38:43,few clouds
506,Terrace,54.5163,-128.6035,33.42,93,75,24.16,CA,2021-12-02 18:40:44,shower rain
507,Guipavas,48.4352,-4.3972,48.06,87,20,3.44,FR,2021-12-02 18:40:44,light intensity drizzle
508,Lodja,-3.4833,23.4333,70.63,98,100,1.21,CD,2021-12-02 18:40:45,overcast clouds
509,Mauganj,24.6833,81.8833,60.03,47,6,4.45,IN,2021-12-02 18:40:45,clear sky
510,Cochabamba,-17.3895,-66.1568,68.2,60,75,4.61,BO,2021-12-02 18:39:03,moderate rain
511,Broome,42.2506,-75.833,52.84,78,90,1.99,US,2021-12-02 18:40:46,overcast clouds
512,Imst,47.2684,10.6698,18.52,96,100,5.73,AT,2021-12-02 18:40:47,snow
513,Bonavista,48.6499,-53.1147,46.11,76,61,14.43,CA,2021-12-02 18:40:47,broken clouds
514,Chanute,37.6792,-95.4572,72.79,32,1,9.22,US,2021-12-02 18:40:48,clear sky
515,Aviles,43.5547,-5.9248,52.77,70,40,5.01,ES,2021-12-02 18:40:48,scattered clouds
516,Manati,18.4275,-66.4921,87.39,80,8,14.72,PR,2021-12-02 18:40:49,clear sky
517,Luanda,-8.8368,13.2343,80.6,83,20,9.22,AO,2021-12-02 18:40:49,few clouds
518,Ust-Kuyga,70.0167,135.6,-44.37,100,100,0.76,RU,2021-12-02 18:40:49,overcast clouds
519,Bullhead City,35.1478,-114.5683,81.28,14,3,6.13,US,2021-12-02 18:40:50,clear sky
520,Qui Nhon,13.7667,109.2333,71.11,77,100,16.35,VN,2021-12-02 18:40:50,overcast clouds
521,Issaquah,47.5301,-122.0326,49.71,92,90,3.0,US,2021-12-02 18:39:23,overcast clouds
522,Saint-Francois,46.4154,3.9054,35.04,85,90,12.66,FR,2021-12-02 18:40:51,overcast clouds
523,Itoman,26.1247,127.6694,62.62,80,75,3.44,JP,2021-12-02 18:40:52,broken clouds
524,Kreminna,49.0495,38.2179,41.67,76,90,15.35,UA,2021-12-02 18:40:52,overcast clouds
525,Kyzyl,51.7,94.45,-8.19,98,95,0.45,RU,2021-12-02 18:40:52,overcast clouds
526,Pangody,65.85,74.4859,14.49,96,100,8.46,RU,2021-12-02 18:40:53,light snow
527,Nishihara,26.1842,127.7558,61.88,83,40,5.75,JP,2021-12-02 18:40:53,scattered clouds
528,Petrovskoye,57.0104,39.2693,24.37,93,99,10.47,RU,2021-12-02 18:40:54,overcast clouds
529,Hun,29.1268,15.9477,65.07,33,100,9.28,LY,2021-12-02 18:40:54,overcast clouds
530,Solnechnyy,50.7214,136.6319,-2.65,94,30,2.82,RU,2021-12-02 18:40:54,scattered clouds
531,Sorland,67.667,12.6934,35.46,46,19,22.57,NO,2021-12-02 18:38:46,few clouds
532,Kjollefjord,70.9457,27.3465,32.05,86,20,3.44,NO,2021-12-02 18:40:55,light snow
533,Hegang,47.4,130.3667,-4.0,91,14,5.82,CN,2021-12-02 18:40:56,few clouds
534,Tulun,54.5611,100.5792,25.75,83,100,3.67,RU,2021-12-02 18:40:56,overcast clouds
535,Merrill,45.1805,-89.6835,44.78,56,75,12.66,US,2021-12-02 18:40:57,broken clouds
536,Adrar,20.5022,-10.0711,72.75,13,98,10.8,MR,2021-12-02 18:40:57,overcast clouds
537,Vaghodia,22.3,73.3833,63.55,59,89,9.93,IN,2021-12-02 18:40:57,overcast clouds
538,Diffa,13.3154,12.6113,76.15,20,13,6.26,NE,2021-12-02 18:40:58,few clouds
539,Kurush,41.2841,47.8345,12.09,72,10,2.68,RU,2021-12-02 18:40:58,clear sky
540,Nampula,-15.1165,39.2666,84.15,48,20,16.11,MZ,2021-12-02 18:40:59,few clouds
541,Khor,47.8861,134.9464,9.61,97,95,7.9,RU,2021-12-02 18:40:59,overcast clouds
542,Gladstone,-23.85,151.25,75.13,83,40,4.61,AU,2021-12-02 18:41:00,scattered clouds
543,Ginir,7.1333,40.7,55.89,52,4,4.16,ET,2021-12-02 18:41:00,clear sky
544,Avera,33.194,-82.5271,73.27,40,4,13.22,US,2021-12-02 18:41:00,clear sky
545,Quthing,-30.4,27.7003,59.85,84,24,5.3,LS,2021-12-02 18:41:01,few clouds
546,Kavaratti,10.5669,72.642,81.66,78,80,4.25,IN,2021-12-02 18:42:01,broken clouds
547,Pendleton,45.6721,-118.7886,57.61,61,1,5.99,US,2021-12-02 18:37:08,clear sky
548,Itarema,-2.9248,-39.9167,84.61,66,100,17.74,BR,2021-12-02 18:42:02,overcast clouds
549,Masalli,34.7959,126.6553,44.28,67,99,10.83,KR,2021-12-02 18:42:02,light rain
550,Deputatskiy,69.3,139.9,-34.85,100,99,1.99,RU,2021-12-02 18:42:03,overcast clouds
551,Emerald,-23.5333,148.1667,75.34,67,88,4.61,AU,2021-12-02 18:42:03,overcast clouds
552,Vila Do Maio,15.1333,-23.2167,75.99,66,100,18.81,CV,2021-12-02 18:42:03,overcast clouds
553,Hare Bay,48.8499,-54.0148,40.35,75,75,7.74,CA,2021-12-02 18:42:04,broken clouds
554,Lebedinyy,58.5167,125.5167,-15.63,98,100,5.19,RU,2021-12-02 18:42:04,overcast clouds
555,Rio Gallegos,-51.6226,-69.2181,62.65,34,75,32.21,AR,2021-12-02 18:42:05,broken clouds
556,Manggar,-2.8833,108.2667,80.22,80,86,4.52,ID,2021-12-02 18:42:05,overcast clouds
557,Banting,2.8167,101.5,78.94,96,100,3.74,MY,2021-12-02 18:42:06,overcast clouds
558,Novoagansk,61.9449,76.6625,30.78,97,100,12.35,RU,2021-12-02 18:42:06,snow
559,Niono,14.2526,-5.993,85.37,14,100,5.79,ML,2021-12-02 18:42:07,overcast clouds
560,Bathsheba,13.2167,-59.5167,84.81,70,40,20.71,BB,2021-12-02 18:42:07,scattered clouds
561,Kashi,39.4547,75.9797,29.41,46,0,8.95,CN,2021-12-02 18:42:07,clear sky
562,Iskateley,67.6803,53.1512,4.3,91,100,15.79,RU,2021-12-02 18:42:08,overcast clouds
563,Pochutla,15.7432,-96.4661,90.82,44,97,8.84,MX,2021-12-02 18:42:08,overcast clouds
564,Petropavlovsk-Kamchatskiy,53.0452,158.6483,28.99,69,90,8.95,RU,2021-12-02 18:42:09,light shower snow
565,Banfora,10.6333,-4.7667,84.61,17,2,4.61,BF,2021-12-02 18:42:09,clear sky
566,Lasa,46.6166,10.7002,33.62,92,100,6.87,IT,2021-12-02 18:42:10,overcast clouds
567,Palic,46.1023,19.7635,44.89,71,100,15.46,RS,2021-12-02 18:42:10,overcast clouds
568,Sidi Ali,36.0998,0.4206,51.15,67,100,6.6,DZ,2021-12-02 18:42:10,overcast clouds
569,Bandipur,27.9333,84.4167,57.24,69,100,0.81,NP,2021-12-02 18:42:11,overcast clouds
570,Hearst,49.6835,-83.6665,17.85,89,100,12.73,CA,2021-12-02 18:42:11,overcast clouds
571,Opportunity,47.6499,-117.2399,52.9,70,40,3.0,US,2021-12-02 18:42:12,scattered clouds
572,Miles City,46.4083,-105.8406,45.57,53,75,17.27,US,2021-12-02 18:42:12,broken clouds
573,Haapiti,-17.5667,-149.8667,82.13,75,67,24.4,PF,2021-12-02 18:42:13,light rain
574,Kajaani,64.2273,27.7285,3.25,85,90,2.3,FI,2021-12-02 18:42:13,light snow
575,Moroto,2.5345,34.6666,74.62,43,38,15.28,UG,2021-12-02 18:42:14,scattered clouds
576,Thinadhoo,0.5333,72.9333,81.32,81,100,8.99,MV,2021-12-02 18:42:14,overcast clouds
577,Zambezi,-13.5432,23.1047,73.31,52,82,0.83,ZM,2021-12-02 18:42:14,broken clouds
578,Suntar,62.1444,117.6319,-26.14,99,26,3.65,RU,2021-12-02 18:42:15,scattered clouds
579,Sault Sainte Marie,46.5168,-84.3333,35.89,69,90,20.71,CA,2021-12-02 18:39:13,shower rain
580,Sheridan,44.8333,-106.9173,73.31,25,1,3.0,US,2021-12-02 18:42:15,clear sky
581,Pafos,34.7667,32.4167,55.31,62,20,8.05,CY,2021-12-02 18:42:16,few clouds
582,Chute-Aux-Outardes,49.1168,-68.399,30.18,69,90,18.41,CA,2021-12-02 18:42:16,snow
583,Hauterive,46.0901,3.4459,34.56,97,76,8.3,FR,2021-12-02 18:42:17,light rain
584,San Jose,37.3394,-121.895,71.91,67,75,0.0,US,2021-12-02 18:40:50,haze
585,Challans,46.8436,-1.8749,40.91,84,15,9.51,FR,2021-12-02 18:42:18,few clouds
586,Juba,4.8517,31.5825,86.07,30,62,2.82,SS,2021-12-02 18:42:18,broken clouds
587,Sao Miguel Do Araguaia,-13.275,-50.1628,83.64,72,100,3.29,BR,2021-12-02 18:42:18,light rain
588,Timra,62.487,17.3257,13.68,78,90,17.27,SE,2021-12-02 18:42:19,light snow
589,Kearney,40.6995,-99.0815,69.19,35,1,3.0,US,2021-12-02 18:42:19,clear sky
590,Doha,25.2867,51.5333,75.09,72,0,4.61,QA,2021-12-02 18:38:22,clear sky
591,Along,28.1667,94.7667,56.08,78,44,1.77,IN,2021-12-02 18:42:20,scattered clouds
592,Asosa,10.0667,34.5333,68.32,44,7,3.33,ET,2021-12-02 18:43:21,clear sky
593,San Antonio Del Tachira,7.8145,-72.4431,84.38,51,40,26.46,VE,2021-12-02 18:43:21,scattered clouds
594,Manjeshwar,12.7194,74.8861,79.75,88,62,3.36,IN,2021-12-02 18:43:22,broken clouds
595,Roald,62.5833,6.1333,30.34,74,75,11.5,NO,2021-12-02 18:43:22,light snow
596,Beloha,-25.1667,45.05,73.8,77,12,10.63,MG,2021-12-02 18:43:22,few clouds
597,Mandera,3.9366,41.867,87.28,38,17,2.89,KE,2021-12-02 18:43:23,few clouds
598,Kathmandu,27.7167,85.3167,55.62,76,75,2.3,NP,2021-12-02 18:39:02,broken clouds
599,Puerto Madero,14.7208,-92.4215,82.99,64,89,7.47,MX,2021-12-02 18:43:23,overcast clouds
600,Port Augusta,-32.5,137.7667,60.71,56,99,12.46,AU,2021-12-02 18:43:24,overcast clouds
601,Grand-Santi,4.25,-54.3833,75.22,96,100,1.99,GF,2021-12-02 18:43:24,overcast clouds
602,Twin Falls,42.3505,-114.6445,48.31,71,1,4.61,US,2021-12-02 18:40:42,clear sky
603,Orange Cove,36.6244,-119.3137,82.85,17,100,2.06,US,2021-12-02 18:40:21,overcast clouds
604,Axim,4.8699,-2.2405,80.02,83,5,8.5,GH,2021-12-02 18:43:25,clear sky
605,Flin Flon,54.7682,-101.865,6.64,78,90,4.61,CA,2021-12-02 18:43:25,light snow
606,Malatya,38.5,38.0,24.85,86,0,6.91,TR,2021-12-02 18:43:26,clear sky
607,Patti,31.2808,74.8572,57.15,32,48,2.84,IN,2021-12-02 18:43:26,scattered clouds
608,Tezu,27.9167,96.1667,64.24,57,91,3.87,IN,2021-12-02 18:43:27,overcast clouds
609,Horta,38.5333,-28.6333,64.04,82,40,5.75,PT,2021-12-02 18:41:34,scattered clouds
610,Bartica,6.4,-58.6167,86.32,83,100,3.27,GY,2021-12-02 18:43:28,overcast clouds
611,Atikokan,48.7555,-91.6216,25.61,73,100,7.54,CA,2021-12-02 18:43:28,overcast clouds
612,Nassau,40.7507,-73.5829,58.66,69,20,3.0,US,2021-12-02 18:41:51,few clouds
613,Cabadiangan,9.7531,122.4739,76.35,92,100,8.72,PH,2021-12-02 18:43:29,overcast clouds
614,Nicoya,10.1483,-85.452,87.35,58,33,7.92,CR,2021-12-02 18:43:29,scattered clouds
615,Kayes,14.0,-11.0,88.9,13,98,4.83,ML,2021-12-02 18:43:30,overcast clouds
616,Krasnoselkup,65.7,82.4667,32.59,98,100,15.37,RU,2021-12-02 18:43:30,light snow
617,Verkhoyansk,67.5447,133.385,-43.44,99,100,2.35,RU,2021-12-02 18:43:30,overcast clouds
618,Gornopravdinsk,60.05,69.9,32.95,98,100,8.41,RU,2021-12-02 18:43:31,light snow
619,Florencia,43.7667,11.25,47.37,95,75,2.3,IT,2021-12-02 18:43:31,broken clouds
620,Sokolo,14.7328,-6.1219,87.46,13,100,7.38,ML,2021-12-02 18:43:32,overcast clouds
621,Dawei,14.0833,98.2,70.7,66,37,6.82,MM,2021-12-02 18:43:32,scattered clouds
622,Chivasso,45.1894,7.8872,45.73,82,0,4.61,IT,2021-12-02 18:43:32,clear sky
623,Auki,-8.7676,160.7034,76.96,86,100,1.52,SB,2021-12-02 18:43:33,overcast clouds
624,Plettenberg Bay,-34.0527,23.3716,59.63,80,49,12.26,ZA,2021-12-02 18:43:33,scattered clouds
625,Olavarria,-36.8927,-60.3225,84.02,27,0,9.22,AR,2021-12-02 18:43:34,clear sky
626,Coihaique,-45.5752,-72.0662,61.41,44,40,5.75,CL,2021-12-02 18:43:34,scattered clouds
627,Eau Claire,44.8114,-91.4985,46.85,54,1,5.01,US,2021-12-02 18:43:35,clear sky
628,Krasnoborsk,61.5598,45.934,16.02,92,100,9.19,RU,2021-12-02 18:43:35,overcast clouds
629,Alta Floresta,-9.8756,-56.0861,89.42,66,40,5.75,BR,2021-12-02 18:43:35,scattered clouds
630,Viedma,-40.8135,-62.9967,61.84,41,100,13.42,AR,2021-12-02 18:43:36,overcast clouds
631,Zdvinsk,54.7021,78.661,34.25,71,100,20.04,RU,2021-12-02 18:43:36,overcast clouds
632,Weyburn,49.6668,-103.8511,34.02,80,100,5.75,CA,2021-12-02 18:41:08,light rain
633,Udachnyy,66.4167,112.4,-36.45,100,48,2.93,RU,2021-12-02 18:43:37,scattered clouds
634,Giovinazzo,41.1864,16.6674,60.15,50,0,4.0,IT,2021-12-02 18:43:38,clear sky
635,Vila Velha,-20.3297,-40.2925,78.75,83,20,11.99,BR,2021-12-02 18:43:38,few clouds
636,Denpasar,-8.65,115.2167,78.46,88,20,3.44,ID,2021-12-02 18:43:38,few clouds
637,Vostok,46.4856,135.8833,17.06,96,100,4.07,RU,2021-12-02 18:43:39,light snow
638,Umm Kaddadah,13.6017,26.6876,71.94,26,0,13.33,SD,2021-12-02 18:43:39,clear sky
639,Piterka,50.6803,47.4454,30.85,83,100,12.68,RU,2021-12-02 18:44:40,overcast clouds
640,Baiao,-2.7906,-49.6717,86.94,62,100,1.05,BR,2021-12-02 18:44:40,overcast clouds
641,Omsukchan,62.5333,155.8,-21.08,99,100,7.2,RU,2021-12-02 18:44:41,light snow
642,Katiola,8.1333,-5.1,88.43,35,7,4.7,CI,2021-12-02 18:44:41,clear sky
643,Oyotun,-6.8519,-79.3036,74.79,47,96,9.15,PE,2021-12-02 18:44:41,overcast clouds
644,Timbiqui,2.7717,-77.6654,79.72,81,72,7.92,CO,2021-12-02 18:44:42,light rain
645,Vilyuysk,63.7553,121.6247,-25.89,99,82,4.61,RU,2021-12-02 18:44:42,broken clouds
646,Chifeng,42.2683,118.9636,24.03,51,4,7.16,CN,2021-12-02 18:44:43,clear sky
647,Baykalsk,51.5058,104.1469,31.12,61,75,8.77,RU,2021-12-02 18:44:43,broken clouds
648,Foso,5.7012,-1.2866,77.99,82,68,5.88,GH,2021-12-02 18:44:44,broken clouds
649,Opunake,-39.4556,173.8583,64.35,93,100,5.55,NZ,2021-12-02 18:44:44,overcast clouds
650,Krivosheino,57.3431,83.9261,24.85,79,100,14.09,RU,2021-12-02 18:44:45,overcast clouds
651,Tual,-5.6667,132.75,82.08,75,100,5.97,ID,2021-12-02 18:44:45,overcast clouds
652,Soure,-0.7167,-48.5233,85.01,65,100,8.86,BR,2021-12-02 18:44:46,overcast clouds
653,Champerico,14.3,-91.9167,94.77,62,55,7.58,GT,2021-12-02 18:44:46,broken clouds
654,Rio Cuarto,-33.1307,-64.3499,87.67,37,40,21.85,AR,2021-12-02 18:42:38,scattered clouds
655,Kysyl-Syr,63.8986,122.7617,-26.09,96,50,6.85,RU,2021-12-02 18:44:47,scattered clouds
656,Kaitong,44.8135,123.15,11.19,84,5,6.73,CN,2021-12-02 18:44:47,clear sky
657,Ballyhaunis,53.7667,-8.7667,49.05,98,100,11.95,IE,2021-12-02 18:44:47,moderate rain
658,Kristinehamn,59.3098,14.1081,20.71,75,51,4.88,SE,2021-12-02 18:44:48,broken clouds
659,Biu,10.6129,12.1946,76.3,21,17,7.23,NG,2021-12-02 18:44:48,few clouds
660,Kailua,21.4022,-157.7394,80.08,85,20,3.44,US,2021-12-02 18:42:01,few clouds
661,La Baneza,42.3003,-5.8977,41.2,75,14,11.92,ES,2021-12-02 18:44:49,few clouds
662,Sal Rei,16.1833,-22.9167,75.4,60,75,18.41,CV,2021-12-02 18:44:50,broken clouds
663,Hopkinton,41.4612,-71.7776,60.39,73,75,5.01,US,2021-12-02 18:44:07,broken clouds
664,Saint-Ambroise,48.5501,-71.3324,30.69,86,100,11.5,CA,2021-12-02 18:44:50,snow
665,Dingle,10.9995,122.6711,74.23,91,100,8.46,PH,2021-12-02 18:41:12,overcast clouds
666,Bacolod,10.6667,122.95,76.84,88,97,11.79,PH,2021-12-02 18:44:51,overcast clouds
667,Maiduguri,11.8464,13.1603,76.39,23,28,9.37,NG,2021-12-02 18:44:52,scattered clouds
668,Gazli,40.1333,63.45,56.62,46,100,16.49,UZ,2021-12-02 18:44:52,overcast clouds
